index,hot,title,href
1,12204312,法国2:0比利时
2,12175235,iPhone 16现场测评
3,12126360,老师的幸福密码
4,11419678,最近流行围炉煮蟹
5,10698394,董宇辉作者盛典演讲
6,10686742,沙特主帅：争取进国足5到6球
7,9553071,梁靖崑晋级澳门赛16强
8,9431717,外交部回应中马机密文件被泄露
9,9333306,俄将参加中方北部联合2024演习
10,9172277,允许外商独资医院意味着什么
11,9117180,苹果发布会速览
12,9112492,多国政要本周访华
13,8901378,中方谴责美抹黑香港营商环境
14,8783581,海南医务人员被砸死系谣言
15,8438651,iPhone 16发布
16,8420247,凡人歌那隽耳朵失聪
17,8326845,邓刚刘志强曾大盆同框钓鱼
18,8245379,iPhone 16配色
19,8195910,萨巴伦卡：非常激动能重返中网
20,8176943,iPhone16价格
21,7930745,苹果秋季新品发布会
22,7836422,华为三折叠手机预约量破300万
23,7830181,国足打沙特大概率还是付费直播
24,7761614,国足主帅称要用成绩回报球迷
25,7745158,螃蟹我只吃四两母
26,7728136,模仿恋综说英语名场面
27,7727904,抽象派cos大赏
28,7708858,抖音严打违规导流诈骗行为
29,7703983,苹果AI
30,7697819,教师节抽象花束大赏
31,7695293,抖音格莱美慢镜头又摇人了
32,7694568,感谢老师成就了现在的我
33,7673368,长大后才读懂的语文课文
34,7665290,面具之下可以是任何人
35,7656843,宿舍养鸡
36,7649946,朱雨玲3:0巴约
37,7644548,中秋节团圆教科书式送礼
38,7642648,你要我怎么做怎么说你才能爱我
39,7640985,伊朗称与以曾相互攻击对方船只
40,7635461,来沈阳体验洗浴文化
41,7633822,时隔一年凑齐了两个自己
42,7632491,这是一只心机猫
43,7631243,自驾G331穿越秋天的大兴安岭
44,7624954,人生才刚刚开始
45,7556638,没事就爱玩点小反差
46,7501560,脏外卖背刺了多少打工人
47,7469527,外交部：反对有关国家挑衅中国主权
48,7443780,财政部将在巴黎发行欧元主权债券
49,7431513,专家：中东局势或将进一步失控
50,7399924,庆祝第40个教师节
